id,Geo Point_1,Geo Point_2,CLAVE
0,19.44295493,-99.20993571,16
1,19.44663191,-99.17951106,16
2,19.32340272,-99.16546761,3
3,19.30460427,-99.16776172,3
4,19.31122389,-99.16964786,3
5,19.42230395,-99.09721476,17
6,19.40713015,-99.11813136,17
7,19.33611725,-99.18261021,3
8,19.4337174,-99.20482319,16
9,19.32396792,-99.15061767,3
10,19.34379685,-99.18368209,3
11,19.42869186,-99.06087577,17
12,19.4164747,-99.0833042,17
13,19.34260153,-99.16344131,3
14,19.31827302,-99.14097088,3
15,19.30236018,-99.10905061,3
16,19.31922947,-99.1286608,3
17,19.31380522,-99.11311112,3
18,19.48340133,-99.1008832,5
19,19.5370256,-99.13434123,5
20,19.46048775,-99.12046074,5
21,19.47377325,-99.1240193,5
22,19.56242444,-99.13808597,5
23,19.47117342,-99.09762378,5
24,19.50636949,-99.1340096,5
25,19.48073363,-99.09512491,5
26,19.46806776,-99.12030287,5
27,19.4719076,-99.14099631,5
28,19.47170154,-99.06406669,5
29,19.45275557,-99.1044432,5
30,19.45377075,-99.09978246,5
31,19.55773198,-99.14663964,5
32,19.47514176,-99.12817434,5
33,19.49759169,-99.06856221,5
34,19.23454621,-99.18334977,12
35,19.26882284,-99.15286617,12
36,19.28779362,-99.17048664,12
37,19.2594963,-99.18616858,12
38,19.30180481,-99.1371575,12
39,19.29700321,-99.14094521,12
40,19.26517024,-99.20049991,12
41,19.26598086,-99.11934486,13
42,19.30043583,-99.12327136,12
43,19.28632626,-99.13516004,12
44,19.20035753,-99.00259856,9
45,19.19438019,-99.01240848,9
46,19.5389703,-99.15012869,5
47,19.28501231,-99.13886899,12
48,19.25787607,-99.08661695,13
49,19.25239605,-99.11615351,13
50,19.28175371,-99.18571957,12
51,19.28562708,-99.15006676,12
52,19.40037105,-99.11474035,6
53,19.47688161,-99.21066958,2
54,19.51036343,-99.19414605,2
55,19.49951861,-99.20064224,2
56,19.48016407,-99.19137659,2
57,19.47837175,-99.15107644,2
58,19.45864458,-99.15636867,15
59,19.40719629,-99.13106297,15
60,19.30852744,-99.00231748,11
61,19.27026147,-99.00996301,11
62,19.47277743,-99.18419199,2
63,19.3892631,-99.23189572,10
64,19.32515869,-99.28918805,10
65,19.32149089,-99.26518737,10
66,19.33165707,-99.25284101,10
67,19.36096057,-99.2476689,10
68,19.38116507,-99.24548539,10
69,19.48067552,-99.2163596,2
70,19.36238586,-99.23107741,10
71,19.37155519,-99.20652366,10
72,19.40381422,-99.11636231,6
73,19.38924615,-99.1003711,6
74,19.38903077,-99.11078832,6
75,19.37642269,-99.21707413,10
76,19.37892406,-99.25131091,10
77,19.38055229,-99.23707124,10
78,19.3830771,-99.20689549,10
79,19.43677071,-99.12845231,15
80,19.33747353,-99.0289387,7
81,19.37635233,-99.10035241,7
82,19.36557804,-99.08479549,7
83,19.32046481,-99.03439569,7
84,19.32859124,-99.0866039,7
85,19.36123617,-99.13229612,7
86,19.33696868,-98.97712218,7
87,19.32115318,-99.04818325,7
88,19.31235058,-99.07127466,7
89,19.3750936,-99.10654197,7
90,19.32905123,-99.08749201,7
91,19.35355053,-98.99743024,7
92,19.36109796,-99.07105241,7
93,19.35222272,-99.0080836,7
94,19.37449939,-99.13418588,7
95,19.45472206,-99.19980724,16
96,19.38766464,-99.25700916,4
97,19.37807799,-99.27301732,4
98,19.33926113,-99.32310574,4
99,19.3566633,-99.29865168,4
100,19.31331869,-99.22445985,8
101,19.31212349,-99.23206783,8
102,19.32694484,-99.24452923,8
103,19.29305704,-99.25707216,8
104,19.33003614,-98.97828385,7
105,19.3406264,-99.02287998,7
106,19.34948103,-99.08248553,7
107,19.3901661,-99.13566066,14
108,19.36493374,-99.18032286,14
109,19.38339041,-99.1800637,14
110,19.38979443,-99.14452998,14
111,19.31961593,-99.07334411,7
112,19.45491263,-99.14808513,15
113,19.35680395,-99.06194541,7
114,19.41191515,-99.15184584,15
115,19.45551896,-99.20702129,16
116,19.46418158,-99.10582889,5
117,19.48731888,-99.1377348,5
118,19.48515631,-99.19999364,2
119,19.48908763,-99.18799811,2
120,19.28000278,-99.20676984,12
121,19.28868607,-99.17718842,12
122,19.2894944,-99.14311311,12
123,19.29932955,-99.11780521,12
124,19.50339965,-99.09767941,5
125,19.4933071,-99.08936996,5
126,19.46916109,-99.08338663,5
127,19.48388557,-99.1136013,5
128,19.52638986,-99.16543056,5
129,19.55777778,-99.14410624,5
130,19.5133274,-99.1371192,5
131,19.50934875,-99.10852314,5
132,19.46987143,-99.06391231,5
133,19.25601148,-99.0143001,13
134,19.26337122,-99.13363601,13
135,19.27155655,-99.11673139,13
136,19.24949118,-99.02282269,13
137,19.2807278,-99.17867596,12
138,19.13347237,-99.17388714,12
139,19.29288407,-99.13323072,12
140,19.27184483,-99.17576986,12
141,19.27582385,-99.18756129,12
142,19.22904169,-99.14806396,13
143,19.2967188,-99.10629454,12
144,19.46611636,-99.09941561,5
145,19.45245498,-99.09595673,5
146,19.45702272,-99.10880453,5
147,19.29298628,-99.12238521,12
148,19.28096137,-99.16446837,12
149,19.19767766,-99.15132056,12
150,19.29688606,-99.10434946,12
151,19.39620002,-99.11635341,6
152,19.39343582,-99.08533624,6
153,19.35265589,-99.22008194,10
154,19.35046056,-99.20244532,10
155,19.50520577,-99.18625628,2
156,19.48315797,-99.19153388,2
157,19.48117651,-99.18631238,2
158,19.31124297,-99.04198603,11
159,19.29996817,-99.06281989,11
160,19.32150551,-98.96248647,11
161,19.39599209,-99.07680785,6
162,19.39419693,-99.12927712,6
163,19.38834995,-99.10662839,6
164,19.34714001,-99.25403638,10
165,19.36169164,-99.23784763,10
166,19.36296862,-99.23496321,10
167,19.3913132,-99.20034831,10
168,19.38051777,-99.20854223,10
169,19.39284298,-99.19722623,10
170,19.51228943,-99.20146272,2
171,19.51099716,-99.20753835,2
172,19.49869909,-99.17680641,2
173,19.48561726,-99.17680641,2
174,19.47502599,-99.1897163,2
175,19.35707246,-99.18035738,10
176,19.37878599,-99.23970563,10
177,19.32113692,-99.26266707,10
178,19.36483505,-99.20278776,10
179,19.34650074,-99.23585241,10
180,19.33560954,-99.21758496,10
181,19.46169402,-99.14878454,15
182,19.35596054,-99.24245673,10
183,19.35166103,-99.23409828,10
184,19.39202764,-99.19295312,10
185,19.37940029,-99.25593476,10
186,19.3784996,-99.24414194,10
187,19.34039524,-99.23871412,10
188,19.32999773,-99.24898251,10
189,19.34366366,-99.00314572,7
190,19.35653901,-99.06775554,7
191,19.33111273,-99.05359031,7
192,19.35746788,-99.06375564,7
193,19.34350085,-99.06349335,7
194,19.45295876,-99.15814211,15
195,19.29173178,-99.07304843,7
196,19.3326802,-99.09900363,7
197,19.3363639,-99.09778121,7
198,19.36357254,-99.10719495,7
199,19.35884778,-99.07499835,7
200,19.32796075,-99.07190078,7
201,19.35893951,-99.08907677,7
202,19.36435722,-99.02118975,7
203,19.29077227,-99.07509338,7
204,19.339292,-99.09815833,7
205,19.33986113,-99.10470811,7
206,19.34783494,-99.11496255,7
207,19.33417363,-99.08064083,7
208,19.34552755,-98.98867131,7
209,19.35925498,-99.03265145,7
210,19.34941527,-99.01395555,7
211,19.32481338,-99.02104044,7
212,19.31360468,-99.32243106,4
213,19.36165001,-99.28342743,4
214,19.31083617,-99.33584484,4
215,19.28126055,-99.25547399,8
216,19.30435278,-99.25313276,8
217,19.33108329,-99.21218356,8
218,19.31258519,-99.23660747,8
219,19.31274108,-99.25341588,8
220,19.37097091,-99.17207738,14
221,19.36048168,-99.15877254,14
222,19.36651197,-99.1854669,14
223,19.38230008,-99.16726947,14
224,19.44587528,-99.18445566,16
225,19.46280126,-99.18936683,16
226,19.42918328,-99.19687235,16
227,19.40510322,-99.19903505,16
228,19.43724371,-99.2099709,16
229,19.45560302,-99.17345353,16
230,19.4677596,-99.19680556,16
231,19.45635861,-99.18709187,16
232,19.40060325,-99.1878812,16
233,19.34066905,-99.14617522,3
234,19.30289905,-99.11215208,3
235,19.32776851,-99.11859705,3
236,19.3138766,-99.12694288,3
237,19.30677549,-99.17441314,3
238,19.41305231,-99.12314279,17
239,19.42874741,-99.06815093,17
240,19.42030271,-99.12375985,17
241,19.44557007,-99.10157082,17
242,19.44225027,-99.09705016,17
243,19.43282198,-99.12237585,17
244,19.54595844,-99.13135435,5
245,19.53053413,-99.14228306,5
246,19.46548958,-99.11695945,5
247,19.474293,-99.06267018,5
248,19.50876941,-99.13701312,5
249,19.46008642,-99.11370485,5
250,19.47720891,-99.14115656,5
251,19.55523772,-99.12282146,5
252,19.52181951,-99.15181915,5
253,19.46148259,-99.1179258,5
254,19.46588425,-99.10510961,5
255,19.47284599,-99.08839851,5
256,19.25355243,-99.08081502,13
257,19.26646656,-99.10680005,13
258,19.27273395,-99.12430075,13
259,19.51788972,-99.15156978,5
260,19.55684227,-99.15246758,5
261,19.48349795,-99.09303813,5
262,19.26036366,-99.05452804,13
263,19.18091914,-99.11725334,13
264,19.24386363,-99.01740035,13
265,19.24373938,-99.02509607,13
266,19.23883695,-99.15257563,12
267,19.30307178,-99.1284415,12
268,19.30182835,-99.21960036,12
269,19.27776484,-99.18999572,12
270,19.21090692,-99.15843202,12
271,19.29075384,-99.12378087,12
272,19.28446591,-99.13251735,12
273,19.29828064,-99.15949248,12
274,19.28248131,-99.19782613,12
275,19.27580116,-99.24352205,12
276,19.20811737,-99.16471169,12
277,19.26883659,-99.21926861,12
278,19.26788215,-99.23152526,12
279,19.5210761,-99.1297026,5
280,19.5153715,-99.144978,5
281,19.18713618,-99.1436974,12
282,19.29594457,-99.17403429,12
283,19.28965248,-99.11894454,12
284,19.29344557,-99.05683499,11
285,19.24889625,-99.00132169,11
286,19.32380953,-98.97692013,11
287,19.31245555,-98.97305906,11
288,19.37632425,-99.19538933,10
289,19.4884891,-99.1832352,2
290,19.47821659,-99.19705732,2
291,19.47533648,-99.20414633,2
292,19.46857502,-99.16842535,2
293,19.49355697,-99.19858823,2
294,19.4639503,-99.17466354,2
295,19.41170754,-99.12995,15
296,19.3885911,-99.20650198,10
297,19.39584433,-99.20447981,10
298,19.3636766,-99.23851584,10
299,19.40133377,-99.19752379,10
300,19.3840085,-99.20382888,10
301,19.3778693,-99.23313862,10
302,19.38568843,-99.19653773,10
303,19.35529723,-99.25499317,10
304,19.34102256,-99.2329466,10
305,19.36757831,-99.20552391,10
306,19.35485521,-99.19417425,10
307,19.32183753,-99.26877103,10
308,19.40558625,-99.14026834,15
309,19.38281448,-99.2177636,10
310,19.38063573,-99.21143664,10
311,19.35806008,-99.2300823,10
312,19.35677511,-99.18722427,10
313,19.35042165,-99.23799595,10
314,19.38544825,-99.10641977,6
315,19.29085594,-99.05254235,11
316,19.39451545,-99.06933551,6
317,19.44219241,-99.14600934,15
318,19.46268728,-99.20407224,16
319,19.30784787,-99.10649174,3
320,19.35057699,-99.26959217,4
321,19.29905301,-99.26223488,8
322,19.37729493,-99.29096039,4
323,19.29752526,-99.07725693,7
324,19.38625943,-99.03245497,7
325,19.32501112,-99.0480103,7
326,19.2870151,-99.06858329,7
327,19.37095236,-99.15001502,14
328,19.3868932,-99.15038485,14
329,19.29919449,-99.23626626,8
330,19.30971527,-99.25034077,8
331,19.30359945,-99.23397296,8
332,19.33716633,-99.05924659,7
333,19.34575495,-99.10952105,7
334,19.37955001,-99.10405289,7
335,19.36362196,-99.09191534,7
336,19.3740019,-99.02708067,7
337,19.35444542,-99.02035605,7
338,19.31934153,-99.04238453,7
339,19.30860655,-99.09020525,7
340,19.38227158,-99.05299358,7
341,19.31829429,-99.03830799,7
342,19.35070558,-99.08859252,7
343,19.38369057,-99.04305033,7
344,19.38176079,-99.18823347,14
345,19.36564197,-99.18992791,14
346,19.38352639,-99.17404644,14
347,19.41443825,-99.20064333,16
348,19.34200907,-99.18262675,3
349,19.30573032,-99.17788477,3
350,19.32822083,-99.14062142,3
351,19.31412167,-99.11707443,3
352,19.44708138,-99.09168136,17
353,19.42205417,-99.06362026,17
354,19.42331321,-99.11780223,17
355,19.42652197,-99.0977018,17
356,19.3175437,-99.11035041,3
357,19.30833721,-99.10068158,3
358,19.33201346,-99.11935639,3
359,19.30737916,-99.18361099,3
360,19.30799069,-99.13921912,3
361,19.35117531,-99.21359553,10
362,19.38470794,-99.20953971,10
363,19.36211322,-99.20482675,10
364,19.29441324,-99.04809624,11
365,19.30627531,-99.0486782,11
366,19.39047591,-99.07588189,6
367,19.37761662,-99.12875866,6
368,19.3877009,-99.12552476,6
369,19.38822609,-99.12040585,6
370,19.48663718,-99.19409413,2
371,19.49805107,-99.20455885,2
372,19.46836128,-99.14671553,2
373,19.4857457,-99.17294973,2
374,19.35960511,-99.2437815,10
375,19.36050232,-99.1939576,10
376,19.48403837,-99.20986215,2
377,19.36318831,-99.24568063,10
378,19.47396777,-99.17613729,2
379,19.50102418,-99.18568735,2
380,19.34510726,-99.21772919,10
381,19.38212649,-99.23646528,10
382,19.34988489,-99.20499848,10
383,19.38037903,-99.21796119,10
384,19.36088661,-99.23447883,10
385,19.38246287,-99.207543,10
386,19.35441072,-99.23533673,10
387,19.36878187,-99.19598848,10
388,19.35915526,-99.23966189,10
389,19.37974959,-99.24210132,10
390,19.50007076,-99.09116641,5
391,19.25686321,-99.10835806,13
392,19.26908388,-99.10450803,13
393,19.28507026,-99.11910107,13
394,19.27492516,-99.12388238,13
395,19.2782175,-99.14944394,12
396,19.29083457,-99.17667496,12
397,19.27209378,-99.15696508,12
398,19.27374489,-99.17801744,12
399,19.288185,-99.13777653,12
400,19.2779097,-99.14472678,12
401,19.23897204,-99.11776985,13
402,19.26001084,-99.10224264,13
403,19.26292895,-99.17951823,12
404,19.54620126,-99.12600046,5
405,19.4935968,-99.14336465,5
406,19.51440362,-99.12182604,5
407,19.53979732,-99.14258328,5
408,19.55060821,-99.12586562,5
409,19.4807655,-99.0925915,5
410,19.49170778,-99.07830235,5
411,19.52056832,-99.16132746,5
412,19.48601499,-99.08605939,5
413,19.56288399,-99.13122331,5
414,19.46101656,-99.10135738,5
415,19.53924366,-99.1401016,5
416,19.51602299,-99.14144098,5
417,19.38762548,-99.10302752,6
418,19.31587754,-99.05770838,7
419,19.35306222,-99.04522544,7
420,19.36700871,-98.99696719,7
421,19.35274688,-99.3082523,4
422,19.36643582,-99.29771053,4
423,19.29705709,-99.24484411,8
424,19.40314497,-99.14786173,14
425,19.32302639,-99.0402438,7
426,19.36738886,-99.04943966,7
427,19.34180302,-99.07199686,7
428,19.33777413,-99.07010246,7
429,19.33269938,-99.07440593,7
430,19.33488648,-99.02613437,7
431,19.36835084,-99.06319585,7
432,19.31047839,-99.07846797,7
433,19.33972065,-99.05466209,7
434,19.36387492,-99.12528852,7
435,19.37749307,-99.03247182,7
436,19.30178168,-99.06552352,7
437,19.36372063,-99.13483838,7
438,19.33163586,-99.04747053,7
439,19.38518048,-99.07267583,7
440,19.37589984,-99.16882772,14
441,19.45245008,-99.20391319,16
442,19.44719504,-99.1756476,16
443,19.31312463,-99.10244606,3
444,19.3309863,-99.11349286,3
445,19.30555357,-99.15794555,3
446,19.30435198,-99.1201458,3
447,19.30763474,-99.12632932,3
448,19.33614559,-99.15534876,3
449,19.33849182,-99.13269201,3
450,19.30452093,-99.17476113,3
451,19.31431033,-99.12198697,3
452,19.33475767,-99.17077392,3
453,19.34392807,-99.17311179,3
454,19.3309153,-99.12623769,3
455,19.4231462,-99.05686049,17
456,19.4467765,-99.11477056,17
457,19.42815441,-99.1060131,17
458,19.40978624,-99.09874376,17
459,19.41300187,-99.1049634,17
460,19.43145215,-99.09425633,17
461,19.44588115,-99.08176643,17
462,19.39043185,-99.18476061,14
463,19.38069151,-99.17884792,14
464,19.39239635,-99.16693188,14
465,19.39490109,-99.1422306,14
466,19.52716602,-99.15113662,5
467,19.53246039,-99.13941073,5
468,19.47948766,-99.113978,5
469,19.47836608,-99.13365129,5
470,19.4736469,-99.08671008,5
471,19.53620038,-99.14109093,5
472,19.46912483,-99.09257006,5
473,19.53788072,-99.14447456,5
474,19.52175198,-99.15573394,5
475,19.50326189,-99.15326076,5
476,19.48938508,-99.08529135,5
477,19.54761579,-99.13480136,5
478,19.57483828,-99.13473657,5
479,19.58134808,-99.12609013,5
480,19.56005892,-99.13757827,5
481,19.19184681,-99.09473813,9
482,19.4678259,-99.13526969,5
483,19.28772711,-99.18575047,12
484,19.25225562,-99.16110269,12
485,19.53432979,-99.15349774,5
486,19.51037633,-99.14473658,5
487,19.49096824,-99.09571328,5
488,19.49601164,-99.08097603,5
489,19.29534271,-99.1496338,12
490,19.24446537,-99.14581338,12
491,19.28128908,-99.22825345,12
492,19.28950411,-99.15558582,12
493,19.23092018,-99.12029999,13
494,19.23288708,-99.07393451,13
495,19.23912395,-99.12421171,13
496,19.27189959,-99.07752636,13
497,19.26744693,-99.15887205,12
498,19.31061955,-99.03681539,11
499,19.28031615,-99.04471958,11
500,19.23053866,-98.98897665,11
501,19.28953766,-99.01280277,11
502,19.50615829,-99.20240809,2
503,19.39624497,-99.20054069,10
504,19.36135789,-99.22967645,10
505,19.35575219,-99.22580814,10
506,19.38462231,-99.21705032,10
507,19.36363075,-99.21522272,10
508,19.38211266,-99.21575101,10
509,19.38678727,-99.22576954,10
510,19.38166639,-99.20330498,10
511,19.3561374,-99.24734627,10
512,19.36813054,-99.25869533,10
513,19.33863142,-99.25662794,10
514,19.44961356,-99.14959639,15
515,19.36933922,-99.20230926,10
516,19.39771462,-99.2090545,10
517,19.36253606,-99.2222123,10
518,19.40615885,-99.0603053,6
519,19.40117828,-99.12086427,6
520,19.48017517,-99.2048818,2
521,19.48645496,-99.18799039,2
522,19.49812532,-99.18719204,2
523,19.47466316,-99.16067418,2
524,19.45955624,-99.17356628,2
525,19.47996411,-99.15632803,2
526,19.47591023,-99.21704082,2
527,19.34965272,-99.18250761,10
528,19.47635364,-99.15596953,2
529,19.48978131,-99.19202308,2
530,19.32075581,-99.06717395,7
531,19.33306594,-99.04030021,7
532,19.34984637,-99.03296772,7
533,19.3274671,-99.01518604,7
534,19.36828266,-99.29510261,4
535,19.39552618,-99.05066364,7
536,19.33742038,-99.08345681,7
537,19.36927776,-99.02604885,7
538,19.34958052,-99.06424891,7
539,19.32162077,-99.07739797,7
540,19.37686593,-99.05077091,7
541,19.37758866,-99.03142376,7
542,19.30587325,-99.07321055,7
543,19.31353323,-99.04602053,7
544,19.33148162,-98.99584978,7
545,19.29425045,-99.06387708,7
546,19.32459538,-99.09435108,7
547,19.35821543,-99.12000007,7
548,19.3636996,-99.07674391,7
549,19.34627745,-99.05175587,7
550,19.36359623,-99.1122665,7
551,19.38406344,-99.04458019,7
552,19.36642772,-99.29375977,4
553,19.30732873,-99.27019043,8
554,19.30693617,-99.24534357,8
555,19.30345411,-99.23226022,8
556,19.36988192,-99.17816705,14
557,19.34250192,-99.08966608,7
558,19.35911093,-99.12544172,7
559,19.36469355,-99.01327542,7
560,19.38647846,-99.05677836,7
561,19.38330075,-99.04169014,7
562,19.38499025,-99.04407997,7
563,19.43991325,-99.19313298,16
564,19.45686853,-99.11900956,17
565,19.40938951,-99.08227143,17
566,19.44832392,-99.11307619,17
567,19.44062653,-99.10642152,17
568,19.43281227,-99.12012774,17
569,19.4525969,-99.17943811,16
570,19.35124472,-99.14037108,3
571,19.30447987,-99.16368332,3
572,19.33831329,-99.17932131,3
573,19.33190393,-99.12908269,3
574,19.31097607,-99.10603564,3
575,19.31114777,-99.13081328,3
576,19.32116628,-99.10224907,3
577,19.35190127,-99.14827969,3
578,19.30362762,-99.17257379,3
579,19.30950335,-99.10283985,3
580,19.41174509,-99.07652168,17
581,19.31784374,-99.15507204,3
582,19.42506091,-99.06332026,17
583,19.42086509,-99.11575181,17
584,19.41177853,-99.0879173,17
585,19.44363662,-99.11451236,17
586,19.40168155,-99.23547196,16
587,19.40921847,-99.19383925,16
588,19.46314405,-99.196828,16
589,19.45553055,-99.19304827,16
590,19.45002004,-99.20107608,16
591,19.420052,-99.07218395,17
592,19.32096691,-99.14739297,3
593,19.3314326,-99.16425258,3
594,19.34825556,-99.12351118,3
595,19.43609213,-99.10934546,17
596,19.41073319,-99.12311262,17
597,19.43598985,-99.1068363,17
598,19.45749077,-99.19518724,16
599,19.448402,-99.16918489,16
600,19.44650014,-99.19718358,16
601,19.41279212,-99.1189402,17
602,19.40692703,-99.12407332,17
603,19.44936472,-99.12069421,17
604,19.31619216,-99.10293085,3
605,19.32987816,-99.1192883,3
606,19.32755523,-99.12150304,3
607,19.30945541,-99.12117563,3
608,19.30793358,-99.16649457,3
609,19.31365697,-99.13191221,3
610,19.32680526,-99.12804178,3
611,19.30188154,-99.16028003,3
612,19.35578447,-99.14844404,3
613,19.34117832,-99.13072545,3
614,19.44824669,-99.05829966,5
615,19.51075296,-99.1366137,5
616,19.46772861,-99.08851625,5
617,19.49166103,-99.10971116,5
618,19.47880386,-99.08737443,5
619,19.54809997,-99.12248555,5
620,19.49465426,-99.09392981,5
621,19.47882791,-99.09302446,5
622,19.45614878,-99.05688713,5
623,19.45129182,-99.07388914,5
624,19.51602463,-99.15964206,5
625,19.50769611,-99.15674865,5
626,19.48994495,-99.13167075,5
627,19.49908419,-99.08600291,5
628,19.48658656,-99.07201458,5
629,19.24773466,-99.18816949,12
630,19.19105853,-99.14773477,12
631,19.29337915,-99.11074711,12
632,19.20782974,-99.14743549,12
633,19.29684055,-99.11753094,12
634,19.24629346,-99.0748419,13
635,19.22867574,-99.0893558,13
636,19.26261013,-99.09652682,13
637,19.24708526,-99.10636598,13
638,19.28309605,-99.1305396,13
639,19.2379562,-99.14941682,12
640,19.27016021,-99.18402935,12
641,19.30092924,-99.22399504,12
642,19.29727551,-99.12828011,12
643,19.27007561,-99.22319361,12
644,19.28671309,-99.16100528,12
645,19.4510319,-99.08665167,5
646,19.54164587,-99.14749721,5
647,19.46946082,-99.07397598,5
648,19.24521989,-99.0303103,13
649,19.24024622,-99.12003445,13
650,19.29972426,-99.17870404,12
651,19.20736502,-99.15494042,12
652,19.30429021,-99.13325199,12
653,19.29670629,-99.10534365,12
654,19.25328104,-99.15887436,12
655,19.38761999,-99.11691585,6
656,19.47578296,-99.19456229,2
657,19.37565471,-99.2332072,10
658,19.36444368,-99.24168109,10
659,19.30332161,-99.04405423,11
660,19.47214293,-99.17147329,2
661,19.46664054,-99.15762137,2
662,19.34930923,-99.22621787,10
663,19.38340154,-99.21929238,10
664,19.36212792,-99.25176299,10
665,19.37714355,-99.25732646,10
666,19.37445474,-99.22761179,10
667,19.37900068,-99.238585,10
668,19.39518208,-99.20162205,10
669,19.35673671,-99.2350509,10
670,19.46888106,-99.16412958,2
671,19.36234474,-99.23243594,10
672,19.35616662,-99.20340854,10
673,19.30131323,-99.05854026,11
674,19.38929866,-99.11464136,6
675,19.38786216,-99.06796732,6
676,19.37587358,-99.23657823,10
677,19.3547273,-99.2591508,10
678,19.33911204,-99.01792142,7
679,19.33389051,-98.9880666,7
680,19.33929673,-99.03250753,7
681,19.3081249,-99.08041676,7
682,19.3406086,-99.04947802,7
683,19.34265325,-99.02715402,7
684,19.36193957,-99.01714367,7
685,19.35130426,-99.09032536,7
686,19.38660774,-99.04262501,7
687,19.37584624,-99.02634306,7
688,19.32762638,-99.06471732,7
689,19.33169237,-99.0354584,7
690,19.32807935,-99.09248716,7
691,19.28843032,-99.07080368,7
692,19.34883493,-99.05818676,7
693,19.36237495,-99.06378023,7
694,19.36167828,-99.05941221,7
695,19.37747928,-99.05711161,7
696,19.3874818,-99.13618882,14
697,19.37399886,-99.28531458,4
698,19.30476373,-99.34239789,4
699,19.38323632,-99.25444305,4
700,19.31423507,-99.2575042,8
701,19.32007009,-99.2432553,8
702,19.27054374,-99.25030253,8
703,19.29186805,-99.06783817,7
704,19.33334126,-99.07210439,7
705,19.36831764,-99.037566,7
706,19.35827126,-99.14182197,14
707,19.37568694,-99.13818148,14
708,19.36842491,-99.15751869,14
709,19.38243534,-99.14620494,14
710,19.4404219,-99.14221407,15
711,19.45169642,-99.13535683,15
712,19.41987372,-99.15084956,15
713,19.41037729,-99.14679014,15
714,19.4489699,-99.18669045,16
715,19.53408631,-99.13414942,5
716,19.54480777,-99.14307485,5
717,19.47569906,-99.09571858,5
718,19.50300105,-99.19117452,2
719,19.47431007,-99.18870023,2
720,19.46791946,-99.17372896,2
721,19.2880915,-99.13182017,12
722,19.29645293,-99.1082877,12
723,19.4560218,-99.09284335,5
724,19.48302473,-99.08069468,5
725,19.50605596,-99.10406588,5
726,19.48789646,-99.07860416,5
727,19.49899036,-99.07661159,5
728,19.50697675,-99.11757344,5
729,19.46442799,-99.11276332,5
730,19.52455518,-99.16006547,5
731,19.47600027,-99.06634277,5
732,19.45641003,-99.10343173,5
733,19.46156036,-99.10644718,5
734,19.25283421,-99.10054312,13
735,19.21724636,-99.1065992,13
736,19.25492376,-99.13330484,13
737,19.27166771,-99.0984662,13
738,19.26316941,-99.11115867,13
739,19.2120758,-99.16724191,12
740,19.25978321,-99.16677411,12
741,19.2719747,-99.18602841,12
742,19.24580569,-99.14343029,12
743,19.25075401,-99.01501841,13
744,19.27018743,-99.19232726,12
745,19.56871467,-99.12568594,5
746,19.52764508,-99.13576301,5
747,19.52635504,-99.14325027,5
748,19.2921701,-99.12852074,12
749,19.27389166,-99.21829217,12
750,19.38752319,-99.09203431,6
751,19.47569702,-99.19157488,2
752,19.48588386,-99.17704777,2
753,19.47002398,-99.1770253,2
754,19.48757423,-99.15464596,2
755,19.20867264,-98.97254215,11
756,19.29745687,-98.99119669,11
757,19.2791694,-99.00651945,11
758,19.26048847,-99.00389767,11
759,19.46529428,-99.15200944,2
760,19.396204,-99.11179998,6
761,19.3956319,-99.21702908,10
762,19.47354329,-99.16515091,2
763,19.48745547,-99.18090799,2
764,19.34318285,-99.25197631,10
765,19.35915365,-99.22765944,10
766,19.37206508,-99.20071957,10
767,19.32530768,-99.25748073,10
768,19.4595317,-99.14318024,15
769,19.36190101,-99.25331865,10
770,19.40463085,-99.13124016,15
771,19.44218929,-99.15135209,15
772,19.38886227,-99.19169928,10
773,19.35828236,-99.25699854,10
774,19.31535697,-99.27324486,10
775,19.42471849,-99.13464827,15
776,19.43150523,-99.14639479,15
777,19.35503055,-99.01845218,7
778,19.3762269,-99.02948009,7
779,19.36401916,-99.0537548,7
780,19.46272925,-99.1374326,15
781,19.42138463,-99.15884543,15
782,19.28875119,-99.06713288,7
783,19.31275143,-99.04828423,7
784,19.36807594,-99.00782616,7
785,19.32585394,-98.97907992,7
786,19.35379998,-99.11736456,7
787,19.36471971,-99.03003906,7
788,19.37058745,-99.09188155,7
789,19.33648196,-99.06552123,7
790,19.35970127,-99.10282828,7
791,19.37409156,-99.00507888,7
792,19.33924345,-99.0065477,7
793,19.31706759,-99.09364794,7
794,19.3460514,-99.0390117,7
795,19.37587998,-99.28903056,4
796,19.311126,-99.33000308,4
797,19.33591694,-99.21235032,8
798,19.30770813,-99.25882205,8
799,19.29064881,-99.24407779,8
800,19.37288405,-99.19000321,14
801,19.37836405,-99.18468392,14
802,19.36815893,-99.1607619,14
803,19.38735848,-99.16755569,14
804,19.37571987,-99.16425534,14
805,19.36719967,-99.14881779,14
806,19.45047741,-99.16552037,16
807,19.44348779,-99.18946913,16
808,19.44641535,-99.18980456,16
809,19.44578236,-99.19987549,16
810,19.44913211,-99.19292788,16
811,19.45325928,-99.19572785,16
812,19.40209868,-99.20710102,16
813,19.30169387,-99.1528285,3
814,19.31754875,-99.13602852,3
815,19.30592865,-99.19002694,3
816,19.31090741,-99.12686295,3
817,19.31885917,-99.13267619,3
818,19.34238666,-99.12587882,3
819,19.3287648,-99.1666853,3
820,19.34177918,-99.18123088,3
821,19.42628597,-99.06076264,17
822,19.4390023,-99.10375926,17
823,19.4335166,-99.11798993,17
824,19.4153746,-99.11655116,17
825,19.56267119,-99.11918919,5
826,19.5455103,-99.1387289,5
827,19.45273899,-99.09821237,5
828,19.55087817,-99.12795867,5
829,19.53338588,-99.14669275,5
830,19.47512691,-99.14258562,5
831,19.48277661,-99.138082,5
832,19.5709018,-99.13795771,5
833,19.48816764,-99.09774867,5
834,19.56911022,-99.12931135,5
835,19.49261195,-99.10205747,5
836,19.23982672,-99.10078813,13
837,19.23323889,-99.13940409,13
838,19.26295782,-99.12279185,13
839,19.2128733,-98.9930097,9
840,19.18881537,-99.00476197,9
841,19.48538474,-99.08433554,5
842,19.23401515,-99.09214846,13
843,19.26307137,-99.10698796,13
844,19.24894194,-99.01065772,13
845,19.29495206,-99.12024088,12
846,19.25965161,-99.12031786,13
847,19.29814373,-99.17082249,12
848,19.25622938,-99.18237173,12
849,19.22783847,-99.19680653,12
850,19.27141387,-99.21939791,12
851,19.27911563,-99.17220045,12
852,19.272695,-99.19283878,12
853,19.27588634,-99.22301662,12
854,19.49791765,-99.11423154,5
855,19.5733835,-99.12888187,5
856,19.47439826,-99.13667543,5
857,19.51608669,-99.13964152,5
858,19.28590298,-99.22405204,12
859,19.29743165,-99.18722341,12
860,19.29174517,-99.15762241,12
861,19.40475557,-99.08066441,6
862,19.32027072,-98.97193285,11
863,19.29238409,-99.00302937,11
864,19.48822167,-99.19132751,2
865,19.39788518,-99.20428992,10
866,19.49213089,-99.17466115,2
867,19.47291831,-99.1949966,2
868,19.46741858,-99.14979277,2
869,19.48756234,-99.1647915,2
870,19.28648783,-99.03839083,11
871,19.46779408,-99.18911786,2
872,19.47284538,-99.15574595,2
873,19.28078752,-99.05211973,11
874,19.50799726,-99.19049097,2
875,19.41786111,-99.13150915,15
876,19.4093352,-99.17948039,15
877,19.45666241,-99.13477793,15
878,19.38069808,-99.19307305,10
879,19.35735534,-99.23818252,10
880,19.40088897,-99.19515764,10
881,19.3444013,-99.24319389,10
882,19.31701659,-99.26843458,10
883,19.38086377,-99.19840193,10
884,19.31047504,-99.27171785,10
885,19.38772375,-99.21163664,10
886,19.34351531,-99.2138017,10
887,19.3699044,-99.20152207,10
888,19.37863923,-99.20734752,10
889,19.36271145,-99.22671321,10
890,19.34212829,-99.22543076,10
891,19.35866917,-99.23653432,10
892,19.3696392,-99.24289421,10
893,19.39168648,-99.20769139,10
894,19.37103495,-99.22432511,10
895,19.40191512,-99.09037697,6
896,19.38102422,-99.12863651,6
897,19.39238929,-99.09254353,6
898,19.39307302,-99.1017492,6
899,19.38754389,-99.06262321,6
900,19.44199727,-99.13251298,15
901,19.41216955,-99.16936266,15
902,19.3732411,-99.03623116,7
903,19.4147538,-99.16005482,15
904,19.40401538,-99.1633007,15
905,19.32821991,-99.1346492,3
906,19.43483138,-99.1961305,16
907,19.34320484,-99.31396712,4
908,19.35674393,-99.28796295,4
909,19.37079399,-99.28097273,4
910,19.36998613,-99.29568009,4
911,19.34617805,-99.00883645,7
912,19.35576902,-99.0563656,7
913,19.33153768,-99.02154729,7
914,19.36085276,-99.05533337,7
915,19.36538522,-99.13001548,7
916,19.35217887,-99.10473762,7
917,19.350752,-99.09011292,7
918,19.37404698,-99.11880274,7
919,19.30373954,-99.06919372,7
920,19.35402262,-99.06508115,7
921,19.3251198,-99.25101125,8
922,19.30200797,-99.24594575,8
923,19.27701595,-99.25010663,8
924,19.33513062,-99.20985714,8
925,19.38515505,-99.04038786,7
926,19.35103673,-99.0871141,7
927,19.35306035,-99.08518691,7
928,19.38541692,-99.07914137,7
929,19.39706024,-99.15303239,14
930,19.39079597,-99.14196608,14
931,19.39411832,-99.18706111,14
932,19.38185464,-99.14167706,14
933,19.37703501,-99.17986935,14
934,19.42375591,-99.20329018,16
935,19.30546658,-99.12346432,3
936,19.3038539,-99.11651982,3
937,19.33530183,-99.12570747,3
938,19.32345551,-99.14232439,3
939,19.30445372,-99.14186206,3
940,19.32328712,-99.17171226,3
941,19.42532854,-99.05651763,17
942,19.42939127,-99.05732674,17
943,19.41791735,-99.11385624,17
944,19.33142275,-99.14907739,3
945,19.32353527,-99.11793123,3
946,19.31015939,-99.13540742,3
947,19.31041767,-99.17180157,3
948,19.34215019,-99.1187266,3
949,19.37026741,-99.24898958,10
950,19.38146492,-99.22979441,10
951,19.30900189,-99.02084971,11
952,19.2453061,-98.99501845,11
953,19.23042915,-98.99875507,11
954,19.28362891,-99.03232077,11
955,19.27163707,-98.98544323,11
956,19.29158101,-99.04373864,11
957,19.39197182,-99.11741691,6
958,19.41696428,-99.06629895,6
959,19.38470893,-99.11391428,6
960,19.39110751,-99.10620533,6
961,19.41686922,-99.05949246,6
962,19.39217887,-99.12473721,6
963,19.47768094,-99.16069705,2
964,19.48244587,-99.1646502,2
965,19.50357176,-99.20943293,2
966,19.47077507,-99.15236479,2
967,19.47812582,-99.18190275,2
968,19.3816948,-99.22386516,10
969,19.38032145,-99.23577607,10
970,19.3693169,-99.2095598,10
971,19.33684859,-99.23053445,10
972,19.35371634,-99.25690911,10
973,19.37852241,-99.21329121,10
974,19.36040467,-99.2385172,10
975,19.37637362,-99.21292323,10
976,19.34906385,-99.19791727,10
977,19.34826653,-99.23110159,10
978,19.36080372,-99.22391247,10
979,19.38722583,-99.19780022,10
980,19.44702707,-99.13955041,15
981,19.41016952,-99.13285486,15
982,19.44661648,-99.12672293,15
983,19.45407783,-99.12616881,15
984,19.46690138,-99.11104681,5
985,19.45838746,-99.11092421,5
986,19.52995953,-99.14804783,5
987,19.48362357,-99.09058861,5
988,19.2633179,-99.09061736,13
989,19.28054723,-99.15622459,12
990,19.27827696,-99.16246288,12
991,19.27619616,-99.21837748,12
992,19.27072353,-99.2324714,12
993,19.28931827,-99.12737434,12
994,19.28745016,-99.12417937,12
995,19.28881175,-99.23528188,12
996,19.29731728,-99.18036376,12
997,19.27274995,-99.19042739,12
998,19.25824616,-99.16409632,12
999,19.2791266,-99.12559802,13
1000,19.2982809,-99.12160643,12
1001,19.4679483,-99.14170599,5
1002,19.46238566,-99.0923707,5
1003,19.46654339,-99.06403398,5
1004,19.48407418,-99.06751067,5
1005,19.5211734,-99.13666348,5
1006,19.47394037,-99.09143583,5
1007,19.47114565,-99.08036406,5
1008,19.34505772,-99.29634818,4
1009,19.32511399,-99.32176847,4
1010,19.38051449,-99.06861865,7
1011,19.37391405,-99.2893301,4
1012,19.3324588,-99.21816601,8
1013,19.30858635,-99.23449374,8
1014,19.30162162,-99.26572043,8
1015,19.30657478,-99.23198572,8
1016,19.31983779,-99.2484454,8
1017,19.32317764,-99.24149056,8
1018,19.37057399,-99.13938982,14
1019,19.39525455,-99.1346461,14
1020,19.32672781,-99.02940034,7
1021,19.35941912,-99.00835842,7
1022,19.37362534,-99.04641225,7
1023,19.35800649,-99.07832006,7
1024,19.38008613,-99.10857378,7
1025,19.39005102,-99.0822505,7
1026,19.36981948,-99.06980138,7
1027,19.35314575,-99.10990349,7
1028,19.34419759,-98.99844333,7
1029,19.36116488,-99.11818733,7
1030,19.36955135,-99.00263808,7
1031,19.38237311,-99.0483523,7
1032,19.37367043,-99.10467648,7
1033,19.29928232,-99.08007137,7
1034,19.44921966,-99.15850701,15
1035,19.33019228,-99.07106796,7
1036,19.33539905,-99.0712684,7
1037,19.40356067,-99.2440519,16
1038,19.40403322,-99.17817125,16
1039,19.39999436,-99.17956394,16
1040,19.45682491,-99.17790197,16
1041,19.41485674,-99.19041601,16
1042,19.31971159,-99.10830588,3
1043,19.32190657,-99.18518149,3
1044,19.34155888,-99.15128065,3
1045,19.34831489,-99.17356349,3
1046,19.30699764,-99.16951344,3
1047,19.30922002,-99.16821143,3
1048,19.3035596,-99.1041975,3
1049,19.32015629,-99.1612607,3
1050,19.31364011,-99.16483452,3
1051,19.33354174,-99.1615851,3
1052,19.41019207,-99.11625227,17
1053,19.44482844,-99.12306016,17
1054,19.44179205,-99.08850669,17
1055,19.38165891,-99.13728339,14
1056,19.37488909,-99.14464319,14
1057,19.39792045,-99.16536194,14
1058,19.38199776,-99.15368675,14
1059,19.36183279,-99.16677108,14
1060,19.52375388,-99.14978142,5
1061,19.54062959,-99.1358247,5
1062,19.54831186,-99.13078408,5
1063,19.46245433,-99.11092788,5
1064,19.56668309,-99.14188086,5
1065,19.47498715,-99.11653731,5
1066,19.46575112,-99.07779569,5
1067,19.48210248,-99.09237273,5
1068,19.47669102,-99.10434934,5
1069,19.46929846,-99.10406005,5
1070,19.50557257,-99.08982305,5
1071,19.50377848,-99.12981851,5
1072,19.49586094,-99.14937362,5
1073,19.56844907,-99.13119833,5
1074,19.56200408,-99.14673566,5
1075,19.48544617,-99.13336756,5
1076,19.17372112,-98.99948065,9
1077,19.45116736,-99.06408344,5
1078,19.48173949,-99.07307404,5
1079,19.27013188,-99.175027,12
1080,19.25531618,-99.16046036,12
1081,19.19509894,-99.15041901,12
1082,19.2990881,-99.13301475,12
1083,19.52345178,-99.16897853,5
1084,19.50494716,-99.1321844,5
1085,19.50222157,-99.09240481,5
1086,19.47215421,-99.11111105,5
1087,19.2562756,-99.19322641,12
1088,19.29923117,-99.16422806,12
1089,19.27086941,-99.19359931,12
1090,19.27452959,-99.16068715,12
1091,19.267214,-99.23798061,12
1092,19.26434239,-99.22910723,12
1093,19.21372186,-99.11808714,13
1094,19.28444179,-99.11153864,13
1095,19.26336936,-99.11622874,13
1096,19.24456472,-99.1283393,13
1097,19.27271189,-99.13718111,13
1098,19.26264199,-99.10224804,13
1099,19.25507973,-99.07323455,13
1100,19.22237164,-98.9595606,11
1101,19.28695732,-98.9945846,11
1102,19.29527935,-99.05860826,11
1103,19.30632259,-99.03076234,11
1104,19.26663338,-99.02663649,11
1105,19.48253418,-99.15288446,2
1106,19.35773708,-99.25328614,10
1107,19.3368074,-99.20090907,10
1108,19.34566166,-99.19291997,10
1109,19.37669843,-99.22476757,10
1110,19.35463812,-99.25736298,10
1111,19.37960823,-99.21584271,10
1112,19.39413955,-99.20787398,10
1113,19.34447238,-99.20561658,10
1114,19.36657127,-99.22569666,10
1115,19.3633249,-99.24377021,10
1116,19.34470463,-99.18652938,10
1117,19.38872121,-99.20150084,10
1118,19.38370509,-99.22815002,10
1119,19.38012199,-99.23781366,10
1120,19.38009379,-99.24814031,10
1121,19.3888293,-99.21592494,10
1122,19.42044401,-99.12828846,15
1123,19.39613045,-99.198821,10
1124,19.35590292,-99.23581067,10
1125,19.38019205,-99.23344271,10
1126,19.35141255,-99.23990714,10
1127,19.39326622,-99.19569038,10
1128,19.40182028,-99.07729638,6
1129,19.39315406,-99.09701457,6
1130,19.3955069,-99.10667787,6
1131,19.38473241,-99.11969964,6
1132,19.38253315,-99.0974987,6
1133,19.49415114,-99.18756416,2
1134,19.46147884,-99.18376333,2
1135,19.49007997,-99.15379386,2
1136,19.48701937,-99.20588734,2
1137,19.49987745,-99.17888338,2
1138,19.4805914,-99.17720356,2
1139,19.47433026,-99.17857303,2
1140,19.40657933,-99.17296596,15
1141,19.44993667,-99.13028327,15
1142,19.41647249,-99.14580957,15
1143,19.42763408,-99.13820527,15
1144,19.39003764,-99.03979558,7
1145,19.39317693,-99.05660704,7
1146,19.36244768,-98.99802293,7
1147,19.37369134,-99.06550766,7
1148,19.33714024,-99.11226455,7
1149,19.35652321,-99.0601351,7
1150,19.34153681,-99.11260567,7
1151,19.35394258,-99.10065938,7
1152,19.38365368,-99.02713369,7
1153,19.29923738,-99.08112695,7
1154,19.34535402,-99.06912822,7
1155,19.3532501,-99.10820824,7
1156,19.31839033,-99.05125096,7
1157,19.3774316,-99.1064394,7
1158,19.34876697,-99.09855101,7
1159,19.28725028,-99.07010156,7
1160,19.33161053,-99.10758474,7
1161,19.40042985,-99.1409292,14
1162,19.39283982,-99.15123173,14
1163,19.33692149,-99.28773869,4
1164,19.30620226,-99.23954204,8
1165,19.36042366,-99.28581841,4
1166,19.36545924,-99.28256915,4
1167,19.36156453,-99.28719239,4
1168,19.31196044,-99.24626517,8
1169,19.40270495,-99.15623392,14
1170,19.36591635,-99.14020872,14
1171,19.34705798,-99.05532729,7
1172,19.37149956,-99.11528473,7
1173,19.33830507,-99.10763847,7
1174,19.35512292,-99.08811421,7
1175,19.36784219,-99.03411396,7
1176,19.36272454,-99.13715174,7
1177,19.32960588,-99.07859662,7
1178,19.42954391,-99.18757577,16
1179,19.39244488,-99.24287092,16
1180,19.43106918,-99.21771846,16
1181,19.4492462,-99.21526816,16
1182,19.46684959,-99.20999467,16
1183,19.43090187,-99.20484241,16
1184,19.44855101,-99.20848593,16
1185,19.43558937,-99.0706198,17
1186,19.4197657,-99.11141625,17
1187,19.42124522,-99.09373482,17
1188,19.34540926,-99.13586554,3
1189,19.4119025,-99.18375232,16
1190,19.4412164,-99.17750705,16
1191,19.34079255,-99.18071091,3
1192,19.33869925,-99.14220798,3
1193,19.34141128,-99.15894992,3
1194,19.33882045,-99.16619221,3
1195,19.30969471,-99.14439538,3
1196,19.34736036,-99.16309932,3
1197,19.31261481,-99.13475142,3
1198,19.32356205,-99.10413005,3
1199,19.41512604,-99.07966171,17
1200,19.3392324,-99.12321069,3
1201,19.33074176,-99.12213052,3
1202,19.42158441,-99.10535383,17
1203,19.42284112,-99.21579358,16
1204,19.41061589,-99.22624873,16
1205,19.43421892,-99.20940375,16
1206,19.31486224,-99.14779545,3
1207,19.32457112,-99.15616022,3
1208,19.30530037,-99.17343059,3
1209,19.41311197,-99.09469923,17
1210,19.42571443,-99.12265977,17
1211,19.41618441,-99.09357531,17
1212,19.44155602,-99.11835494,17
1213,19.45389814,-99.12315335,17
1214,19.44845879,-99.19990957,16
1215,19.45483969,-99.16918946,16
1216,19.30882288,-99.1170551,3
1217,19.44750725,-99.11743224,17
1218,19.45265513,-99.11224595,17
1219,19.43842285,-99.10795571,17
1220,19.4113464,-99.12587055,17
1221,19.41647125,-99.08442846,17
1222,19.30796604,-99.11028879,3
1223,19.32671627,-99.13804652,3
1224,19.33556194,-99.11824798,3
1225,19.34571367,-99.14835194,3
1226,19.3042837,-99.17008449,3
1227,19.50943653,-99.09600126,5
1228,19.53418642,-99.14433425,5
1229,19.45268474,-99.05607092,5
1230,19.48315233,-99.09207553,5
1231,19.46843522,-99.0605841,5
1232,19.49102265,-99.14986258,5
1233,19.46938989,-99.06928857,5
1234,19.51964148,-99.14763454,5
1235,19.54241654,-99.13230421,5
1236,19.47124198,-99.14363572,5
1237,19.47848011,-99.13730644,5
1238,19.48392113,-99.09451981,5
1239,19.49396268,-99.07138352,5
1240,19.48698054,-99.10812017,5
1241,19.27483117,-99.1844409,12
1242,19.26922248,-99.17901223,12
1243,19.26717846,-99.20291593,12
1244,19.27326974,-99.22631399,12
1245,19.29690719,-99.22012279,12
1246,19.26572437,-99.17133176,12
1247,19.27597611,-99.17096946,12
1248,19.29791753,-99.11080322,12
1249,19.26609349,-99.12834427,13
1250,19.26962963,-99.12148249,13
1251,19.24804432,-99.17095988,12
1252,19.23182271,-99.16330252,12
1253,19.18967485,-98.99389155,9
1254,19.45953211,-99.07196243,5
1255,19.47395043,-99.07577582,5
1256,19.29495754,-99.21846203,12
1257,19.19232801,-99.14150757,12
1258,19.3005509,-99.17043988,12
1259,19.25850603,-99.11582822,13
1260,19.29882751,-99.20523291,12
1261,19.28700291,-99.21428642,12
1262,19.18454276,-99.14799748,12
1263,19.29279131,-99.13891921,12
1264,19.29533263,-99.11673147,12
1265,19.38976066,-99.11929743,6
1266,19.39297143,-99.08874994,6
1267,19.48939757,-99.20459388,2
1268,19.48203168,-99.20057702,2
1269,19.49583128,-99.20172608,2
1270,19.47827663,-99.17731252,2
1271,19.37238657,-99.21597202,10
1272,19.37459955,-99.20996148,10
1273,19.38682526,-99.20218888,10
1274,19.43577598,-99.15394928,15
1275,19.33537187,-99.22334002,10
1276,19.21758349,-98.97573944,11
1277,19.27884701,-99.02831388,11
1278,19.48276138,-99.18230395,2
1279,19.29312747,-98.97411781,11
1280,19.35280545,-99.24136301,10
1281,19.38543289,-99.22298203,10
1282,19.39050993,-99.19748863,10
1283,19.38511128,-99.19448048,10
1284,19.37245565,-99.23236429,10
1285,19.34558694,-99.23001727,10
1286,19.36107351,-99.24116798,10
1287,19.35295186,-99.23697495,10
1288,19.35835,-99.24297318,10
1289,19.38631738,-99.21546428,10
1290,19.38242573,-99.10606942,6
1291,19.26785992,-98.99585465,11
1292,19.31637739,-98.96752634,11
1293,19.39906222,-99.12682005,6
1294,19.38204863,-99.231629,10
1295,19.38427951,-99.22637748,10
1296,19.33688932,-99.19503575,10
1297,19.33300551,-99.23243724,10
1298,19.4302248,-99.12814137,15
1299,19.36625042,-99.30451607,4
1300,19.32855898,-99.04323853,7
1301,19.36383157,-99.03006344,7
1302,19.34006007,-99.04074151,7
1303,19.36660924,-99.1176979,7
1304,19.36482284,-99.09629261,7
1305,19.3169845,-99.04480805,7
1306,19.32072268,-99.04410847,7
1307,19.31488048,-99.04216522,7
1308,19.33564936,-99.05098431,7
1309,19.31429968,-99.04476148,7
1310,19.35311216,-99.06405597,7
1311,19.35328998,-99.11204363,7
1312,19.31191919,-99.08482394,7
1313,19.29008472,-99.06832507,7
1314,19.36037839,-99.12506718,7
1315,19.29400299,-99.0689524,7
1316,19.38605057,-99.15715977,14
1317,19.36321128,-99.14888667,14
1318,19.36813609,-99.17132581,14
1319,19.35088792,-99.32122756,4
1320,19.36020676,-99.27163583,4
1321,19.32716454,-99.33226471,4
1322,19.35535971,-99.28236102,4
1323,19.33270227,-99.21153519,8
1324,19.38730322,-99.17772807,14
1325,19.3170274,-99.08097075,7
1326,19.33225359,-99.06743321,7
1327,19.37624655,-99.11632926,7
1328,19.38472848,-99.04234205,7
1329,19.37613215,-99.15506664,14
1330,19.38628402,-99.14408515,14
1331,19.44907618,-99.14374943,15
1332,19.45331479,-99.14176948,15
1333,19.43435328,-99.18660202,16
1334,19.45443289,-99.06108124,5
1335,19.47072397,-99.10747882,5
1336,19.46284088,-99.1679884,2
1337,19.47113251,-99.14678331,2
1338,19.49214651,-99.18028861,2
1339,19.4932655,-99.1841578,2
1340,19.20558498,-99.04859333,9
1341,19.24179729,-99.14580347,12
1342,19.26758015,-99.24279974,12
1343,19.29727441,-99.10252974,12
1344,19.49995832,-99.13581459,5
1345,19.45149106,-99.0691415,5
1346,19.46546916,-99.1282828,5
1347,19.50130472,-99.12329466,5
1348,19.49069431,-99.11467056,5
1349,19.55896456,-99.14164506,5
1350,19.55194967,-99.13256741,5
1351,19.51079576,-99.15312039,5
1352,19.48517545,-99.09301994,5
1353,19.47311311,-99.08164736,5
1354,19.27951913,-99.12059334,13
1355,19.2339073,-99.11442304,13
1356,19.21248551,-99.08608332,13
1357,19.2436125,-99.0091478,13
1358,19.2596317,-99.09823302,13
1359,19.22608137,-99.12253879,13
1360,19.27727247,-99.12310658,13
1361,19.19632738,-99.15791845,12
1362,19.29486874,-99.1644892,12
1363,19.24312723,-99.15288867,12
1364,19.27750827,-99.23958815,12
1365,19.23798008,-99.23201652,12
1366,19.2626272,-99.10451219,13
1367,19.28066641,-99.12996408,13
1368,19.51287742,-99.12959652,5
1369,19.47440438,-99.13226551,5
1370,19.56275971,-99.13469876,5
1371,19.56761928,-99.12801836,5
1372,19.24926898,-99.15724135,12
1373,19.26685004,-99.15281088,12
1374,19.29132524,-99.18030494,12
1375,19.27442916,-99.21501833,12
1376,19.38727307,-99.0967098,6
1377,19.46287308,-99.16382372,2
1378,19.26409757,-99.01737347,11
1379,19.23984753,-99.00776762,11
1380,19.40248907,-99.10505919,6
1381,19.40122299,-99.13115544,6
1382,19.4106675,-99.07194948,6
1383,19.39243782,-99.11067464,6
1384,19.3954613,-99.06239516,6
1385,19.35337676,-99.25805325,10
1386,19.48544712,-99.18341656,2
1387,19.4730586,-99.1743522,2
1388,19.50328756,-99.17457772,2
1389,19.36810376,-99.23971656,10
1390,19.31974158,-99.20741932,10
1391,19.3692221,-99.21355025,10
1392,19.38628351,-99.20898195,10
1393,19.39967927,-99.20658721,10
1394,19.35446547,-99.22980451,10
1395,19.39428676,-99.20228329,10
1396,19.36040023,-99.21830685,10
1397,19.34078026,-99.19258138,10
1398,19.37516016,-99.20475026,10
1399,19.35549659,-99.23371232,10
1400,19.33989792,-99.20466595,10
1401,19.39159239,-99.20421185,10
1402,19.32386973,-99.2662409,10
1403,19.39337315,-99.20353281,10
1404,19.38072958,-99.08690615,7
1405,19.29535617,-99.07388254,7
1406,19.35391558,-99.09797426,7
1407,19.38022723,-99.1160378,7
1408,19.38196091,-99.03546328,7
1409,19.35782419,-99.13595657,7
1410,19.36031844,-99.07943444,7
1411,19.3284735,-99.08300681,7
1412,19.37104895,-99.13160677,7
1413,19.32772863,-98.96690751,7
1414,19.33668055,-99.0727208,7
1415,19.33456179,-99.06751611,7
1416,19.33448681,-99.10593247,7
1417,19.35493215,-99.05143587,7
1418,19.32710037,-99.05457682,7
1419,19.31745265,-99.08817585,7
1420,19.35106861,-98.99130473,7
1421,19.34103321,-98.98731019,7
1422,19.38991901,-99.05257462,7
1423,19.30150025,-99.07857676,7
1424,19.34370326,-99.01455178,7
1425,19.38693019,-99.04069916,7
1426,19.37365466,-99.05457095,7
1427,19.30317796,-99.23485527,8
1428,19.29566172,-99.23737977,8
1429,19.31350405,-99.25042723,8
1430,19.31527749,-99.24061586,8
1431,19.30743132,-99.22897414,8
1432,19.31010789,-99.22762193,8
1433,19.30365335,-99.26873267,8
1434,19.37320904,-99.13875604,14
1435,19.43143555,-99.17800261,16
1436,19.44497048,-99.19384263,16
1437,19.44313994,-99.20082337,16
1438,19.41506302,-99.21324793,16
1439,19.44860645,-99.21871814,16
1440,19.32488916,-99.10880117,3
1441,19.31922134,-99.10527493,3
1442,19.30716845,-99.19751594,3
1443,19.32817664,-99.1435336,3
1444,19.3412956,-99.1704501,3
1445,19.30845666,-99.15017312,3
1446,19.30940088,-99.15671926,3
1447,19.32556764,-99.16701183,3
1448,19.32984868,-99.17166785,3
1449,19.42622256,-99.06960222,17
1450,19.44292604,-99.10308778,17
1451,19.45282134,-99.1187423,17
1452,19.44875903,-99.09780394,17
1453,19.4442685,-99.10899607,17
1454,19.43143569,-99.10979982,17
1455,19.43689067,-99.0937851,17
1456,19.48699468,-99.09043884,5
1457,19.55115693,-99.14475226,5
1458,19.47858707,-99.07000092,5
1459,19.47346134,-99.08978407,5
1460,19.47958814,-99.09163678,5
1461,19.48646221,-99.08734579,5
1462,19.25441888,-99.03626332,13
1463,19.28729967,-99.10606998,13
1464,19.17524957,-99.03078329,9
1465,19.52980213,-99.17276951,5
1466,19.5501947,-99.1553522,5
1467,19.48457404,-99.10795688,5
1468,19.26387734,-99.09999128,13
1469,19.25733644,-99.15074358,12
1470,19.21154355,-99.18637274,12
1471,19.27018011,-99.14917082,12
1472,19.24826752,-99.23246354,12
1473,19.29986795,-99.19190238,12
1474,19.26520913,-99.20841117,12
1475,19.2071084,-99.13818852,12
1476,19.26907337,-99.20961187,12
1477,19.27677924,-99.19028653,12
1478,19.49700217,-99.09678288,5
1479,19.48430246,-99.12188274,5
1480,19.48796806,-99.14157313,5
1481,19.47165314,-99.08932443,5
1482,19.21047102,-99.1518626,12
1483,19.27224857,-99.14555785,12
1484,19.27228718,-99.23473644,12
1485,19.27090048,-99.18851414,12
1486,19.23245858,-99.00490666,11
1487,19.20423177,-98.96944285,11
1488,19.28757983,-99.02177928,11
1489,19.29807802,-99.05311721,11
1490,19.33922788,-99.24562305,10
1491,19.48947993,-99.19815324,2
1492,19.35648046,-99.21004713,10
1493,19.50769337,-99.19417957,2
1494,19.4906621,-99.21176422,2
1495,19.49440567,-99.19579669,2
1496,19.46699498,-99.16189243,2
1497,19.47034431,-99.15782252,2
1498,19.49835323,-99.20983818,2
1499,19.22060995,-98.9707006,11
1500,19.26086611,-99.00687134,11
1501,19.47221535,-99.16726801,2
1502,19.42700383,-99.16160541,15
1503,19.45643427,-99.15705389,15
1504,19.33030638,-99.26990114,10
1505,19.37872161,-99.23740676,10
1506,19.38108991,-99.23844482,10
1507,19.3638472,-99.20247419,10
1508,19.38676238,-99.19249834,10
1509,19.39355512,-99.21257621,10
1510,19.38677477,-99.24118637,10
1511,19.35726912,-99.24584067,10
1512,19.35839027,-99.17493979,10
1513,19.3970501,-99.20912424,10
1514,19.3643548,-99.25071275,10
1515,19.32944555,-99.23778681,10
1516,19.36620687,-99.23493747,10
1517,19.36519925,-99.23722534,10
1518,19.34625621,-99.20952113,10
1519,19.40033245,-99.06803049,6
1520,19.39541822,-99.12128261,6
1521,19.4398501,-99.1285179,15
1522,19.41941858,-99.16916198,15
1523,19.43363625,-99.13603006,15
1524,19.4088498,-99.16131759,15
1525,19.43710863,-99.15946018,15
1526,19.32821409,-99.15005961,3
1527,19.45388642,-99.20823845,16
1528,19.43641109,-99.17445792,16
1529,19.45180772,-99.17021225,16
1530,19.4487007,-99.21103193,16
1531,19.33299959,-99.32462334,4
1532,19.35171809,-99.292708,4
1533,19.35166515,-99.04831543,7
1534,19.33524473,-99.01036511,7
1535,19.32552433,-99.07835115,7
1536,19.37498626,-99.01284048,7
1537,19.37999742,-99.02070068,7
1538,19.32933706,-99.10048376,7
1539,19.3657305,-99.1014768,7
1540,19.37087599,-99.01901413,7
1541,19.35075343,-99.02361806,7
1542,19.36047382,-99.05131209,7
1543,19.34157253,-99.10455537,7
1544,19.37276817,-99.00668187,7
1545,19.31073452,-99.06295189,7
1546,19.3436836,-99.07907272,7
1547,19.35914513,-99.09639798,7
1548,19.3284474,-99.10513792,7
1549,19.31325732,-99.04572319,7
1550,19.44482733,-99.18113471,16
1551,19.39202037,-99.15884408,14
1552,19.44703517,-99.18698042,16
1553,19.4451471,-99.18725366,16
1554,19.29621393,-99.25807615,8
1555,19.30680898,-99.25283255,8
1556,19.33659755,-99.20840596,8
1557,19.31355973,-99.07560978,7
1558,19.37268199,-99.0299896,7
1559,19.35466525,-99.09284234,7
1560,19.37781006,-99.12052364,7
1561,19.36130415,-99.14108882,14
1562,19.38765704,-99.14069068,14
1563,19.39953582,-99.22874694,16
1564,19.45072199,-99.20765727,16
1565,19.45838294,-99.21240795,16
1566,19.32229138,-99.11179666,3
1567,19.3545178,-99.12680166,3
1568,19.31908869,-99.12041226,3
1569,19.31355682,-99.15657431,3
1570,19.33813102,-99.14931004,3
1571,19.3253844,-99.12395122,3
1572,19.42958149,-99.12160371,17
1573,19.41592165,-99.12480007,17
1574,19.43921016,-99.11141204,17
1575,19.40734932,-99.10982814,17
1576,19.44988519,-99.10767228,17
1577,19.3308212,-99.17548172,3
1578,19.3391294,-99.18638167,3
1579,19.30726584,-99.13646971,3
1580,19.3579604,-99.22117764,10
1581,19.3605802,-99.20270584,10
1582,19.35509417,-99.24499503,10
1583,19.38246929,-99.22576449,10
1584,19.30411391,-98.97336436,11
1585,19.2865594,-99.06105577,11
1586,19.46605153,-99.18186716,2
1587,19.47073662,-99.1499968,2
1588,19.47480604,-99.16333334,2
1589,19.48303791,-99.19531338,2
1590,19.48897895,-99.159303,2
1591,19.50023285,-99.18480912,2
1592,19.50441476,-99.20781725,2
1593,19.46582474,-99.14654344,2
1594,19.50112169,-99.18927157,2
1595,19.46119908,-99.16252928,2
1596,19.4949631,-99.19092114,2
1597,19.38174641,-99.22116901,10
1598,19.39616789,-99.21152914,10
1599,19.3575807,-99.24078753,10
1600,19.36350963,-99.22079178,10
1601,19.39819445,-99.21283847,10
1602,19.36144012,-99.2177304,10
1603,19.35993269,-99.22714767,10
1604,19.38465652,-99.20086956,10
1605,19.39336943,-99.19025162,10
1606,19.38200333,-99.23470018,10
1607,19.38703271,-99.21357923,10
1608,19.37911316,-99.22864701,10
1609,19.39062599,-99.21255509,10
1610,19.38257249,-99.21075795,10
1611,19.34524369,-99.22501006,10
1612,19.38931642,-99.2200838,10
1613,19.363546,-99.24031708,10
1614,19.37838042,-99.22167856,10
1615,19.35970431,-99.22001733,10
1616,19.35581823,-99.25916726,10
1617,19.42997768,-99.16867226,15
1618,19.37176159,-99.22052818,10
1619,19.3712304,-99.19313549,10
1620,19.359507,-99.23310762,10
1621,19.34185529,-99.22081467,10
1622,19.42395542,-99.14729179,15
1623,19.5080785,-99.10056103,5
1624,19.55709046,-99.13411548,5
1625,19.53809011,-99.1383567,5
1626,19.56765281,-99.12060607,5
1627,19.28783455,-99.09415998,13
1628,19.24177326,-99.11137475,13
1629,19.24350019,-99.08905492,13
1630,19.24288818,-99.10551053,13
1631,19.29138139,-99.19829383,12
1632,19.30124566,-99.17967025,12
1633,19.2775097,-99.22736612,12
1634,19.23461173,-99.14733022,12
1635,19.19114929,-99.13754053,12
1636,19.25297775,-99.15681126,12
1637,19.28074746,-99.22006635,12
1638,19.27895475,-99.23337472,12
1639,19.30947953,-99.22455913,12
1640,19.48982335,-99.105755,5
1641,19.47714681,-99.08143026,5
1642,19.56128643,-99.14145785,5
1643,19.50314049,-99.08293461,5
1644,19.45670259,-99.08481421,5
1645,19.26882271,-99.22703387,12
1646,19.55521578,-99.12831908,5
1647,19.49558006,-99.1415203,5
1648,19.47188233,-99.08752868,5
1649,19.24772144,-99.11594038,13
1650,19.35648795,-99.30982892,4
1651,19.37567809,-99.07017672,7
1652,19.30383339,-99.0832301,7
1653,19.39311232,-99.2627767,4
1654,19.31961576,-99.31128933,4
1655,19.30801837,-99.26235565,8
1656,19.31528165,-99.25100254,8
1657,19.32035266,-99.25374933,8
1658,19.31224948,-99.26369,8
1659,19.37977338,-99.1480955,14
1660,19.37273101,-99.18340673,14
1661,19.36828457,-99.02968433,7
1662,19.35432971,-99.00310219,7
1663,19.32928151,-99.09628003,7
1664,19.34306601,-99.03141002,7
1665,19.32642957,-99.09806542,7
1666,19.35124357,-99.07864902,7
1667,19.33233845,-99.06106578,7
1668,19.329391,-99.00644004,7
1669,19.35974549,-99.07667316,7
1670,19.3443604,-99.10059851,7
1671,19.28969201,-99.0723348,7
1672,19.36987021,-99.07559613,7
1673,19.37196134,-99.12515534,7
1674,19.32432981,-99.08789216,7
1675,19.30769755,-99.08635153,7
1676,19.36935501,-99.00726839,7
1677,19.32742184,-99.02299175,7
1678,19.38577119,-99.04358027,7
1679,19.40383732,-99.20250902,16
1680,19.44713734,-99.20289069,16
1681,19.4207649,-99.22774282,16
1682,19.43663771,-99.20392909,16
1683,19.45030135,-99.19689005,16
1684,19.45173928,-99.18944514,16
1685,19.42924476,-99.18111909,16
1686,19.44065045,-99.16925645,16
1687,19.32667409,-99.10713278,3
1688,19.35411457,-99.16380804,3
1689,19.34772908,-99.12851809,3
1690,19.3149354,-99.13326222,3
1691,19.32532139,-99.1472975,3
1692,19.30670203,-99.16107301,3
1693,19.30904618,-99.17482063,3
1694,19.34789391,-99.15351076,3
1695,19.30699698,-99.11402519,3
1696,19.31842725,-99.16950603,3
1697,19.34455403,-99.18044744,3
1698,19.43648919,-99.11620928,17
1699,19.43276194,-99.10265143,17
1700,19.39369447,-99.17644449,14
1701,19.45555535,-99.05350324,5
1702,19.49857157,-99.10433713,5
1703,19.49049423,-99.10974447,5
1704,19.47268683,-99.08255649,5
1705,19.47159615,-99.08023393,5
1706,19.47956892,-99.14325889,5
1707,19.20592699,-99.06689271,9
1708,19.46354625,-99.05751399,5
1709,19.29337239,-99.23571267,12
1710,19.28430897,-99.23648152,12
1711,19.2962823,-99.12297665,12
1712,19.55032673,-99.13875145,5
1713,19.56010269,-99.13580099,5
1714,19.30385045,-99.21955456,12
1715,19.27351445,-99.21032576,12
1716,19.29528324,-99.11428029,12
1717,19.27196752,-99.2391172,12
1718,19.28660423,-99.14624039,12
1719,19.21289224,-99.21726397,12
1720,19.29394025,-99.22749383,12
1721,19.27215917,-99.23054298,12
1722,19.27400232,-99.12848737,13
1723,19.26457814,-99.10181353,13
1724,19.24052672,-99.06365515,13
1725,19.26718291,-99.12583264,13
1726,19.24813612,-99.11327686,13
1727,19.30658171,-99.01285623,11
1728,19.30800965,-99.05302449,11
1729,19.31213064,-98.97040128,11
1730,19.23561623,-99.00736134,11
1731,19.49522805,-99.16347111,2
1732,19.48328192,-99.16996421,2
1733,19.28347091,-99.05463972,11
1734,19.28496952,-99.00482886,11
1735,19.47242428,-99.1609482,2
1736,19.37179332,-99.22683333,10
1737,19.37148333,-99.2092728,10
1738,19.35301393,-99.25345518,10
1739,19.38212662,-99.21182296,10
1740,19.39876405,-99.21119582,10
1741,19.39684712,-99.19355695,10
1742,19.38685616,-99.21787413,10
1743,19.41475049,-99.1762104,15
1744,19.45887595,-99.12502614,15
1745,19.35751753,-99.25063682,10
1746,19.40719662,-99.14463135,15
1747,19.3776791,-99.2467156,10
1748,19.38027728,-99.24030944,10
1749,19.38648831,-99.12984078,6
1750,19.40777318,-99.06580287,6
1751,19.39594499,-99.12515862,6
1752,19.37568875,-99.20047791,10
1753,19.47507212,-99.15043136,2
1754,19.38640305,-99.20547347,10
1755,19.44537745,-99.13333202,15
1756,19.41950426,-99.13876156,15
1757,19.41075652,-99.14176666,15
1758,19.41517312,-99.139278,15
1759,19.36360698,-99.29542783,4
1760,19.33092403,-99.03015479,7
1761,19.32386414,-99.05823928,7
1762,19.3176663,-99.0403198,7
1763,19.3216708,-99.02820152,7
1764,19.32438689,-99.10078185,7
1765,19.34139793,-99.06085267,7
1766,19.37586676,-99.1109499,7
1767,19.28915356,-99.0699084,7
1768,19.30713993,-99.08766183,7
1769,19.28932037,-99.07290657,7
1770,19.40019056,-99.15251203,14
1771,19.44942019,-99.18939868,16
1772,19.3592722,-99.1487837,14
1773,19.36574959,-99.28808358,4
1774,19.31592103,-99.33179601,4
1775,19.31676072,-99.24646701,8
1776,19.36749962,-99.29013048,4
1777,19.32474183,-99.22519748,8
1778,19.37631895,-99.1748165,14
1779,19.36410582,-99.17406489,14
1780,19.29769947,-99.06839377,7
1781,19.38721323,-99.04910712,7
1782,19.46070937,-99.13065295,15
1783,19.41040672,-99.13801454,15
1784,19.44442339,-99.15945918,15
1785,19.43857111,-99.1646939,15
1786,19.37689175,-99.04035547,7
1787,19.44593673,-99.2125963,16
1788,19.46034567,-99.19678126,16
1789,19.44021714,-99.22387021,16
1790,19.40545175,-99.19267769,16
1791,19.43725561,-99.22835188,16
1792,19.44455007,-99.19692134,16
1793,19.42028374,-99.08882152,17
1794,19.44424271,-99.10486259,17
1795,19.313031,-99.10960165,3
1796,19.33507115,-99.14396928,3
1797,19.3008671,-99.15739395,3
1798,19.33621377,-99.13353459,3
1799,19.33583695,-99.13953075,3
1800,19.34677069,-99.1578411,3
1801,19.33397966,-99.17450633,3
1802,19.34199526,-99.17667344,3
1803,19.30640204,-99.1762092,3
1804,19.30817223,-99.17205632,3
1805,19.33998809,-99.13030769,3
1806,19.43160399,-99.11267757,17
